focal,mutant
WT,p
WT,A
WT,E
WT,G
WT,M
p,pA
p,pE
p,pG
p,pM
A,pA
A,AE
A,AG
A,AM
E,pE
E,AE
E,EG
E,EM
G,pG
G,AG
G,EG
G,GM
M,pM
M,AM
M,EM
M,GM
pA,pAE
pA,pAG
pA,pAM
pE,pAE
pE,pEG
pE,pEM
pG,pAG
pG,pEG
pG,pGM
pM,pAM
pM,pEM
pM,pGM
AE,pAE
AE,AEG
AE,AEM
AG,pAG
AG,AEG
AG,AGM
AM,pAM
AM,AEM
AM,AGM
EG,pEG
EG,AEG
EG,EGM
EM,pEM
EM,AEM
EM,EGM
GM,pGM
GM,AGM
GM,EGM
pAE,pAEG
pAE,pAEM
pAG,pAEG
pAG,pAGM
pAM,pAEM
pAM,pAGM
pEG,pAEG
pEG,pEGM
pEM,pAEM
pEM,pEGM
pGM,pAGM
pGM,pEGM
AEG,pAEG
AEG,AEGM
AEM,pAEM
AEM,AEGM
AGM,pAGM
AGM,AEGM
EGM,pEGM
EGM,AEGM
pAEG,pAEGM
pAEM,pAEGM
pAGM,pAEGM
AEGM,pAEGM
pEGM,pAEGM