Cluster.ID,Center,Cluster.Score,time_point_1
1,AACGTACGCGCGCAACTG,0.721928,25
2,ATCGTACGCGCGCAACTG,0.000000,13
3,AGCGTACGCGCGCAACTG,0.985228,7
4,TACGTACGCGCGCAACTG,0.000000,6
5,CCACGACCACTTCCGCAA,0.047837,376
6,CAGGGAAACAAACCTTAT,0.022789,450
7,TCACCGAGAATTAACCTA,0.020497,509
8,ACCACCCTCGGGACTCAA,0.050002,535
9,GAGCTTAAAATCAAATGG,0.034757,549
10,CCGCTCGGTCCAACCGTT,0.044542,614
11,CCCCTCTATACTTAAATT,0.029302,671
12,GAACTAATAACTCAAATA,0.029898,983
13,ATTGCTAATCACACCCTC,0.028701,1375
14,ATATCTGATCGGACCAGC,0.032647,1773
15,AGATTACGACTCGCGTTA,0.021282,1949
16,GTAACGTTAACCAATACA,0.027811,2140
17,TCTTCGATTTGAATGATT,0.030473,2243
18,GTAGGCCCCCACACGACT,0.030039,2281
19,CATATTAATAAATCTAAT,0.025329,2387
20,CTAAAGTAAAACTAATAC,0.023887,2556
21,GAGCTTGATACGTTGTCG,0.031840,2739
22,TAACCCTTAATGGTCGGA,0.018007,2957
23,CAGGGACCACATATTTAT,0.023317,3067
24,AGTATTTAAACCTGCACT,0.017320,3093
25,GAAGCTCGTATGACCCTG,0.017063,3147
26,TTAGTACAGAGTATATTG,0.029065,3387
27,AAAGATACCGTCTCCTGT,0.023649,3448
28,AACATTTATGTACGTGGA,0.022767,3604
29,ACAGAAAAGTGGTCCAAA,0.026350,3799
30,TAAACAAATAAAGGAAGC,0.019053,3878
31,AAAATATTAAAACGCAGT,0.018810,3936
32,CTTGCAATGCGAACACTT,0.031726,3973
33,TAGTTCCAAAATAACTAT,0.018415,4034
34,GGCATATGCTAAAACCTG,0.020139,4156
35,TACCCAATAAATTAGATG,0.024169,4202
36,CTTCAAGTTCAAAAACAG,0.022056,4207
37,TTTCATAATGCCATGACT,0.023796,4279
38,CGTTATTCCTCAAACTTT,0.023743,4290
39,AACGAAGTCTAAAATGAG,0.021671,4294
40,ATGCACTATTACTGTAGT,0.026725,4484
41,GTAAATACCATGTGTTAA,0.032073,4526
42,ACCAGAGCGGAGGAAAAA,0.024365,4579
43,TAACCGAAAGCATTTCAA,0.018054,4717
44,TTTAGTTGTAGGATGGTG,0.023585,4756
45,TCTTATAGTTTAAAAGTA,0.021671,4771
46,AAATAGGCTTACAGTTGG,0.021050,4935
47,TGAAGTCTTACTTTACGT,0.013147,5099
48,GAACTCAATGCACGACTC,0.035126,5151
49,CGGTCTATATAGATAGTT,0.021146,5400
50,GGAAACCGAGTTCACAAA,0.025886,5430
51,ACCCCTGAACAAGCACTA,0.022492,5483
52,ATGGAACTCACTATGATA,0.030144,5517
53,GAAATCTTTAGAGGAAAC,0.021617,5742
54,AGCTTTTCCGCATACTGC,0.022108,6060
55,GAAATACTCTAAGTATCG,0.035359,6187
56,GTTTCACCTTAGCCTCTC,0.020045,6268
57,CTGGTAGATTCACCTGCC,0.022882,6270
58,TACAGTCACATCCTTTAT,0.026608,6385
59,ACAGAAGTAAATGGCTAC,0.022261,6474
60,TAGAGAACCAACCAGCTG,0.017796,6595
61,GACGGAATATAATGCGAA,0.025835,6609
62,GGATAGTACCTACACAAA,0.026855,6688
63,GATAGTTTACGTGCTTCA,0.018828,6740
64,CATCGAAAGAGCAACAAA,0.022809,6743
65,AACTACTATCATCGGATC,0.025193,6806
66,AACCACACACGCCGCGGC,0.033713,6829
67,AATGTCTGGTGCAACCAA,0.023022,7115
68,ACCACGCCGTATGTTTTC,0.023008,7120
69,GACCTACTCCAGATCCCT,0.046730,7926
70,CCACCAGCAAGGGGTACG,0.022598,8634
71,GTGCCAATATACCCTATC,0.065353,8665
72,CAGAAGAGAAGGCGCCAA,0.021931,8940
73,TCTCTCTAATCATCTCGC,0.018734,9039
74,GCCCCGTTACCAAGTTCT,0.018576,9128
75,CTAAACTGCGTCTCACAC,0.029280,9402
76,GGACGTGTGTAAATCACA,0.019923,9469
77,TACCACCTCTACTGCTCC,0.022626,9529
78,AAGATATCTGACTCACTG,0.023374,9612
79,GACAAACTGCTAAGCAGT,0.017738,9629
80,TACCCAAAGAGGTCCCAA,0.020570,9631
81,AGTGTAATGCTTTCGCAC,0.016732,9657
82,TATTATGAAACTATGCAA,0.030255,9694
83,GTAAAGACTCGAGGACGC,0.030515,9917
84,TACCCATGAGAGCGATGC,0.020615,10112
85,AGTCCGGTAAATAAACAA,0.023951,10192
86,AGACAGAAACCAAGCTAA,0.019247,10403
87,AACCAGAAGTTTACGAAT,0.024126,10948
88,AAAGAAAGCAAAGTTCGT,0.015531,11225
89,CTCTTACGAGCTGCTAGG,0.022482,11429
90,AACCAATACACGTACGCG,0.000000,1
91,TCCGTTAAGAATTAGGTT,0.016434,11831
92,TTCTCGGCAGAGCATGCT,0.022330,12441
93,AACCGGCAAAAGGCCATC,0.023885,12781
94,TTTAAGACGGTAAAATAT,0.021423,13055
95,GTCTGAGACACCTACTAC,0.024703,13108
96,CGCCCTGACCCGATGCTA,0.022414,13304
97,AATCTATTAACGCACATT,0.016636,14258
98,CAAACTTTAATATGAATG,0.026516,15085
99,CTCGTGCCACCCTTTGGA,0.018400,15574
100,GCCAATCCATGCTAGGGA,0.022984,15594
101,ATCTAGCCGGTGACTATG,0.019093,21001
102,CTCTGCCGAGGACGGATA,0.025240,21572
103,GTTAGTGATGGGGCTAAA,0.020200,24849
104,CGTTGTAATCGTACCGGA,0.022145,41408
105,TAAACTGCGTCTCACATT,0.000000,1
106,GCAAAGTTCTCGTACGCG,1.000000,2
107,AAACTTTAATATGAAATG,0.000000,1
108,CTAAAATGAGCGTACGCG,0.000000,1
109,TTAAAGCAGTCGTACGCG,0.000000,1
110,ACCAAGCTAACGTACGCG,0.918296,3
111,CGGTCTATATACCCTATC,0.000000,1
112,CGGAAAATATCGTACGCG,0.863121,7
113,TAAAGGAAGCCGTACGCG,0.000000,1
114,CCCCGTTACCAAGTTCGT,0.000000,3
115,GTCCGGTAAAATAAACAA,0.000000,1
116,CATGTGTTAACGTACGCG,0.000000,1
117,GTTTACGAATCGTACGCG,0.811278,4
118,TAAATCTAATCGTACGCG,0.000000,3
119,TTAAGACGGTAAAAATAT,0.000000,1
120,GAGGTCCCAACGTACGCG,0.543564,8
121,CTAAGTATCGCGTACGCG,0.000000,2
122,CAAAGTTCGTCGTACGCG,0.918296,3
123,AGCATTTCAACGTACGCG,0.000000,1
124,AAAGGCCATCCGTACGCG,0.000000,2
125,GAGCAACAAACGTACGCG,0.000000,1
126,GAAGGCGCAACGTACGCG,0.000000,4
127,ACTAGGACGCCGTACGCG,0.954434,8
128,TCGTACCGGACGTACGCG,0.000000,1
129,GTAAATCACACGTACGCG,0.000000,1
130,CCATGTGTAACGTACGCG,0.918296,3
131,AAATAAACAACGTACGCG,0.000000,9
132,ATGTCTGGTGCAACCGTT,0.000000,1
133,AAGCAAAGTTCGTACGCG,0.000000,1
134,CAACCAGCTGCGTACGCG,0.000000,1
135,CCCATGAGAGCGATGCTA,0.000000,1
